"date",open,high,low,close,adj_close,volume,"type","code","name"
"1966-02-08",2.7037,2.73663,2.60494,2.68519,0.725169,4865600,"stock","BA","The Boeing Company"
"1966-02-08",3.8125,3.83333,3.75,3.78125,0.352049,372000,"stock","CAT","Caterpillar Inc."
"1966-02-08",0,5.04688,4.97656,4.99219,0.087587,105600,"stock","CVX","Chevron Corporation"
"1966-02-08",0.149645,0.152214,0.149003,0.149645,0.09768,1401300,"stock","DIS","The Walt Disney Company"
"1966-02-08",8.37083,8.475,8.36667,8.46875,2.06401,659200,"stock","IBM","International Business Machines Corporation"
"1966-02-08",0,0.448495,0.443866,0.448495,0.148117,475200,"stock","JNJ","Johnson & Johnson"
"1966-02-08",0.44987,0.44987,0.443359,0.44401,0.00777625,422400,"stock","KO","The Coca-Cola Company"
"1966-02-08",0,1.08594,1.06445,1.07422,0.232118,563200,"stock","PG","The Procter & Gamble Company"
"1966-02-08",0,2.51953,2.49219,2.5,0.203386,950400,"stock","XOM","Exxon Mobil Corporation"
"1966-02-08",93.59,94.29,92.58,93.55,93.55,10560000,"index","^GSPC","S&P 500"
"1966-02-08",536.83,536.83,536.83,536.83,536.83,0,"index","^NYA","NYSE COMPOSITE (DJ)"
"1966-02-09",2.68519,2.72016,2.66255,2.67901,0.723502,1676600,"stock","BA","The Boeing Company"
"1966-02-09",3.8125,3.94792,3.8125,3.88542,0.361747,252000,"stock","CAT","Caterpillar Inc."
"1966-02-09",0,5.03125,5.00781,5.01562,0.0879982,97600,"stock","CVX","Chevron Corporation"
"1966-02-09",0.150287,0.154783,0.150287,0.153177,0.0999857,1712700,"stock","DIS","The Walt Disney Company"
"1966-02-09",8.51667,8.55833,8.51667,8.5375,2.08077,592000,"stock","IBM","International Business Machines Corporation"
"1966-02-09",0,0.461227,0.451389,0.461227,0.152321,475200,"stock","JNJ","Johnson & Johnson"
"1966-02-09",0.44401,0.445964,0.442708,0.445964,0.00781047,422400,"stock","KO","The Coca-Cola Company"
"1966-02-09",0,1.07227,1.0625,1.07031,0.231274,390400,"stock","PG","The Procter & Gamble Company"
"1966-02-09",0,2.51562,2.48828,2.49219,0.202751,876800,"stock","XOM","Exxon Mobil Corporation"
"1966-02-09",93.55,94.72,93.29,94.06,94.06,9760000,"index","^GSPC","S&P 500"
"1966-02-09",1505.7,1505.7,1505.7,1505.7,1505.7,0,"index","^N225","NIKKEI 225"
"1966-02-09",539.89,539.89,539.89,539.89,539.89,0,"index","^NYA","NYSE COMPOSITE (DJ)"
"1966-02-10",2.67901,2.75514,2.66667,2.73251,0.73795,2624400,"stock","BA","The Boeing Company"
"1966-02-10",3.88542,3.95833,3.88542,3.91667,0.364657,247200,"stock","CAT","Caterpillar Inc."
"1966-02-10",0,5.02344,4.95312,4.95312,0.0869016,115200,"stock","CVX","Chevron Corporation"
"1966-02-10",0.153177,0.154141,0.153177,0.15382,0.100405,2685800,"stock","DIS","The Walt Disney Company"
"1966-02-10",8.5375,8.63333,8.53333,8.61667,2.10006,515200,"stock","IBM","International Business Machines Corporation"
"1966-02-10",0,0.467593,0.462963,0.462963,0.152895,518400,"stock","JNJ","Johnson & Johnson"
"1966-02-10",0.44401,0.44401,0.440755,0.441406,0.00773065,748800,"stock","KO","The Coca-Cola Company"
"1966-02-10",0,1.07227,1.06641,1.07031,0.231274,217600,"stock","PG","The Procter & Gamble Company"
"1966-02-10",0,2.50781,2.48828,2.50781,0.204022,1084800,"stock","XOM","Exxon Mobil Corporation"
"1966-02-10",94.06,94.7,93.32,93.83,93.83,9790000,"index","^GSPC","S&P 500"
"1966-02-10",1489.11,1489.11,1489.11,1489.11,1489.11,0,"index","^N225","NIKKEI 225"
"1966-02-10",538.41,538.41,538.41,538.41,538.41,0,"index","^NYA","NYSE COMPOSITE (DJ)"
"1966-02-11",2.73251,2.77572,2.7037,2.72428,0.735727,1433600,"stock","BA","The Boeing Company"
"1966-02-11",3.91667,3.97917,3.86458,3.89583,0.362717,180800,"stock","CAT","Caterpillar Inc."
"1966-02-11",0,4.98438,4.95312,4.96875,0.0871758,89600,"stock","CVX","Chevron Corporation"
"1966-02-11",0.15382,0.154783,0.153177,0.154141,0.100615,4165000,"stock","DIS","The Walt Disney Company"
"1966-02-11",8.63333,8.74583,8.63333,8.74583,2.13154,443200,"stock","IBM","International Business Machines Corporation"
"1966-02-11",0,0.462384,0.453704,0.456019,0.150601,432000,"stock","JNJ","Johnson & Johnson"
"1966-02-11",0.441406,0.450521,0.441406,0.44401,0.00777625,1132800,"stock","KO","The Coca-Cola Company"
"1966-02-11",0,1.07031,1.05859,1.0625,0.229586,627200,"stock","PG","The Procter & Gamble Company"
"1966-02-11",0,2.5,2.48047,2.48438,0.202115,704000,"stock","XOM","Exxon Mobil Corporation"
"1966-02-11",93.83,94.52,93.25,93.81,93.81,8150000,"index","^GSPC","S&P 500"
"1966-02-11",538.31,538.31,538.31,538.31,538.31,0,"index","^NYA","NYSE COMPOSITE (DJ)"
"1966-02-14",2.72428,2.72428,2.6749,2.69342,0.727391,1129800,"stock","BA","The Boeing Company"
"1966-02-14",3.90625,3.96875,3.90625,3.9375,0.366596,170400,"stock","CAT","Caterpillar Inc."
"1966-02-14",0,4.99219,4.94531,4.96875,0.0871758,110400,"stock","CVX","Chevron Corporation"
"1966-02-14",0.154141,0.154141,0.152214,0.154141,0.100615,1634800,"stock","DIS","The Walt Disney Company"
"1966-02-14",8.74167,8.74167,8.65833,8.65833,2.11022,232000,"stock","IBM","International Business Machines Corporation"
"1966-02-14",0,0.456019,0.446759,0.446759,0.147543,604800,"stock","JNJ","Johnson & Johnson"
"1966-02-14",0.44401,0.447917,0.44401,0.44401,0.00777625,384000,"stock","KO","The Coca-Cola Company"
"1966-02-14",0,1.06055,1.04297,1.04297,0.225365,793600,"stock","PG","The Procter & Gamble Company"
"1966-02-14",0,2.48828,2.46875,2.47266,0.201162,841600,"stock","XOM","Exxon Mobil Corporation"
"1966-02-14",93.81,94.4,93.15,93.53,93.53,8360000,"index","^GSPC","S&P 500"
"1966-02-14",1464.27,1464.27,1464.27,1464.27,1464.27,0,"index","^N225","NIKKEI 225"
"1966-02-14",537.78,537.78,537.78,537.78,537.78,0,"index","^NYA","NYSE COMPOSITE (DJ)"
"1966-02-15",2.69342,2.75926,2.63374,2.65844,0.717945,5005800,"stock","BA","The Boeing Company"
"1966-02-15",3.9375,3.97917,3.86458,3.86458,0.359808,192800,"stock","CAT","Caterpillar Inc."
"1966-02-15",0,4.98438,4.92188,4.95312,0.0869016,164800,"stock","CVX","Chevron Corporation"
"1966-02-15",0.154141,0.154141,0.152535,0.15382,0.100405,506000,"stock","DIS","The Walt Disney Company"
"1966-02-15",8.65833,8.65833,8.51667,8.55417,2.08483,360000,"stock","IBM","International Business Machines Corporation"
"1966-02-15",0,0.448495,0.444444,0.444444,0.146779,345600,"stock","JNJ","Johnson & Johnson"
"1966-02-15",0.44401,0.445964,0.440104,0.440755,0.00771925,499200,"stock","KO","The Coca-Cola Company"
"1966-02-15",0,1.05078,1.04297,1.04297,0.225365,620800,"stock","PG","The Procter & Gamble Company"
"1966-02-15",0,2.47266,2.44141,2.46094,0.200208,755200,"stock","XOM","Exxon Mobil Corporation"
"1966-02-15",93.53,94.04,92.67,93.17,93.17,8750000,"index","^GSPC","S&P 500"
"1966-02-15",1453.1,1453.1,1453.1,1453.1,1453.1,0,"index","^N225","NIKKEI 225"
"1966-02-15",535.45,535.45,535.45,535.45,535.45,0,"index","^NYA","NYSE COMPOSITE (DJ)"
"1966-02-16",2.65844,2.66255,2.56173,2.58436,0.69794,5072400,"stock","BA","The Boeing Company"
"1966-02-16",3.86458,3.90625,3.86458,3.86458,0.359808,196800,"stock","CAT","Caterpillar Inc."
"1966-02-16",0,4.96094,4.91406,4.9375,0.0866276,78400,"stock","CVX","Chevron Corporation"
"1966-02-16",0.15382,0.15382,0.15125,0.15125,0.0987281,661700,"stock","DIS","The Walt Disney Company"
"1966-02-16",8.55417,8.65833,8.53333,8.6375,2.10514,339200,"stock","IBM","International Business Machines Corporation"
"1966-02-16",0,0.451389,0.445602,0.450231,0.14869,432000,"stock","JNJ","Johnson & Johnson"
"1966-02-16",0.440755,0.442708,0.440104,0.440104,0.00770785,844800,"stock","KO","The Coca-Cola Company"
"1966-02-16",0,1.04688,1.03906,1.04297,0.225365,332800,"stock","PG","The Procter & Gamble Company"
"1966-02-16",0,2.46875,2.45312,2.46094,0.200208,640000,"stock","XOM","Exxon Mobil Corporation"
"1966-02-16",93.17,93.74,92.63,93.16,93.16,9180000,"index","^GSPC","S&P 500"
"1966-02-16",1464.67,1464.67,1464.67,1464.67,1464.67,0,"index","^N225","NIKKEI 225"
"1966-02-16",535.35,535.35,535.35,535.35,535.35,0,"index","^NYA","NYSE COMPOSITE (DJ)"
"1966-02-17",2.61934,2.67901,2.61934,2.63786,0.712388,2636400,"stock","BA","The Boeing Company"
"1966-02-17",3.86458,3.90625,3.83333,3.875,0.360777,182400,"stock","CAT","Caterpillar Inc."
"1966-02-17",0,4.9375,4.89062,4.90625,0.0860793,208000,"stock","CVX","Chevron Corporation"
"1966-02-17",0.15125,0.152214,0.149003,0.149003,0.0972608,622800,"stock","DIS","The Walt Disney Company"
"1966-02-17",8.6375,8.6375,8.56667,8.56875,2.08838,232000,"stock","IBM","International Business Machines Corporation"
"1966-02-17",0,0.453704,0.451389,0.451389,0.149072,388800,"stock","JNJ","Johnson & Johnson"
"1966-02-17",0.440104,0.441406,0.434896,0.434896,0.00761663,422400,"stock","KO","The Coca-Cola Company"
"1966-02-17",0,1.04688,1.03711,1.03711,0.224099,256000,"stock","PG","The Procter & Gamble Company"
"1966-02-17",0,2.46484,2.44531,2.44531,0.198937,710400,"stock","XOM","Exxon Mobil Corporation"
"1966-02-17",93.16,93.58,92.11,92.66,92.66,9330000,"index","^GSPC","S&P 500"
"1966-02-17",1442.02,1442.02,1442.02,1442.02,1442.02,0,"index","^N225","NIKKEI 225"
"1966-02-17",532.49,532.49,532.49,532.49,532.49,0,"index","^NYA","NYSE COMPOSITE (DJ)"
"1966-02-18",2.70782,2.78189,2.70782,2.76955,0.747952,4464800,"stock","BA","The Boeing Company"
"1966-02-18",3.875,3.90625,3.86458,3.875,0.360777,129600,"stock","CAT","Caterpillar Inc."
"1966-02-18",0,4.91406,4.82812,4.82812,0.0847086,156800,"stock","CVX","Chevron Corporation"
"1966-02-18",0.148681,0.148681,0.146755,0.147718,0.0964224,778500,"stock","DIS","The Walt Disney Company"
"1966-02-18",8.56875,8.575,8.5,8.54167,2.08178,291200,"stock","IBM","International Business Machines Corporation"
"1966-02-18",0,0.453704,0.452546,0.453704,0.149837,172800,"stock","JNJ","Johnson & Johnson"
"1966-02-18",0.432292,0.432292,0.424479,0.429688,0.00752541,633600,"stock","KO","The Coca-Cola Company"
"1966-02-18",0,1.03516,1.02344,1.02344,0.221145,620800,"stock","PG","The Procter & Gamble Company"
"1966-02-18",0,2.44531,2.39453,2.40234,0.195441,1059200,"stock","XOM","Exxon Mobil Corporation"
"1966-02-18",92.66,93.14,91.8,92.41,92.41,8470000,"index","^GSPC","S&P 500"
"1966-02-18",1459.63,1459.63,1459.63,1459.63,1459.63,0,"index","^N225","NIKKEI 225"
"1966-02-18",531.44,531.44,531.44,531.44,531.44,0,"index","^NYA","NYSE COMPOSITE (DJ)"
"1966-02-21",2.76955,2.7963,2.72016,2.72839,0.736839,1239200,"stock","BA","The Boeing Company"
"1966-02-21",3.875,3.94792,3.85417,3.88542,0.361747,132800,"stock","CAT","Caterpillar Inc."
"1966-02-21",0,4.83594,4.78125,4.8125,0.0844344,179200,"stock","CVX","Chevron Corporation"
"1966-02-21",0.148039,0.149645,0.148039,0.148039,0.096632,817400,"stock","DIS","The Walt Disney Company"
"1966-02-21",8.54167,8.56667,8.45,8.5,2.07162,347200,"stock","IBM","International Business Machines Corporation"
"1966-02-21",0,0.453704,0.451389,0.452546,0.149914,4579200,"stock","JNJ","Johnson & Johnson"
"1966-02-21",0.429688,0.434896,0.428385,0.428385,0.0075026,1305600,"stock","KO","The Coca-Cola Company"
"1966-02-21",0,1.04492,1.03125,1.03125,0.222833,339200,"stock","PG","The Procter & Gamble Company"
"1966-02-21",0,2.40234,2.375,2.39062,0.194488,1145600,"stock","XOM","Exxon Mobil Corporation"
"1966-02-21",92.41,92.83,91.35,91.87,91.87,8510000,"index","^GSPC","S&P 500"
"1966-02-21",1465.79,1465.79,1465.79,1465.79,1465.79,0,"index","^N225","NIKKEI 225"
"1966-02-21",528.26,528.26,528.26,528.26,528.26,0,"index","^NYA","NYSE COMPOSITE (DJ)"
"1966-02-22",1465.42,1465.42,1465.42,1465.42,1465.42,0,"index","^N225","NIKKEI 225"
"1966-02-23",2.72839,2.74486,2.68313,2.68313,0.724613,996200,"stock","BA","The Boeing Company"
"1966-02-23",3.90625,3.95833,3.90625,3.90625,0.363687,200000,"stock","CAT","Caterpillar Inc."
"1966-02-23",0,4.82031,4.78125,4.8125,0.0844344,113600,"stock","CVX","Chevron Corporation"
"1966-02-23",0.148039,0.149003,0.145149,0.146434,0.0955838,1128800,"stock","DIS","The Walt Disney Company"
"1966-02-23",8.49375,8.49375,8.42083,8.45,2.05944,432000,"stock","IBM","International Business Machines Corporation"
"1966-02-23",0,0.454861,0.449653,0.449653,0.148955,388800,"stock","JNJ","Johnson & Johnson"
"1966-02-23",0.428385,0.430339,0.428385,0.428385,0.0075026,556800,"stock","KO","The Coca-Cola Company"
"1966-02-23",0,1.03125,1.02148,1.02539,0.221567,390400,"stock","PG","The Procter & Gamble Company"
"1966-02-23",0,2.38672,2.36328,2.375,0.193217,963200,"stock","XOM","Exxon Mobil Corporation"
"1966-02-23",91.87,92.21,90.99,91.48,91.48,8080000,"index","^GSPC","S&P 500"
"1966-02-23",1480.47,1480.47,1480.47,1480.47,1480.47,0,"index","^N225","NIKKEI 225"
"1966-02-23",525.94,525.94,525.94,525.94,525.94,0,"index","^NYA","NYSE COMPOSITE (DJ)"
"1966-02-24",2.68313,2.68724,2.61934,2.61934,0.707387,1305800,"stock","BA","The Boeing Company"
"1966-02-24",3.90625,3.91667,3.875,3.875,0.360777,266400,"stock","CAT","Caterpillar Inc."
"1966-02-24",0,4.80469,4.75781,4.78906,0.0840232,92800,"stock","CVX","Chevron Corporation"
"1966-02-24",0.145791,0.145791,0.14258,0.14258,0.0930685,1050900,"stock","DIS","The Walt Disney Company"
"1966-02-24",8.45,8.46667,8.40833,8.44167,2.05741,347200,"stock","IBM","International Business Machines Corporation"
"1966-02-24",0,0.445602,0.443287,0.443287,0.146847,86400,"stock","JNJ","Johnson & Johnson"
"1966-02-24",0.428385,0.43099,0.424479,0.424479,0.00743419,1977600,"stock","KO","The Coca-Cola Company"
"1966-02-24",0,1.02734,1.01562,1.01562,0.219457,889600,"stock","PG","The Procter & Gamble Company"
"1966-02-24",0,2.37891,2.35156,2.35938,0.191946,860800,"stock","XOM","Exxon Mobil Corporation"
"1966-02-24",91.48,91.81,90.45,90.89,90.89,7860000,"index","^GSPC","S&P 500"
"1966-02-24",1490.78,1490.78,1490.78,1490.78,1490.78,0,"index","^N225","NIKKEI 225"
"1966-02-24",522.45,522.45,522.45,522.45,522.45,0,"index","^NYA","NYSE COMPOSITE (DJ)"
"1966-02-25",2.6214,2.71193,2.6214,2.65021,0.715722,1871000,"stock","BA","The Boeing Company"
"1966-02-25",3.875,3.90625,3.84375,3.84375,0.357868,196800,"stock","CAT","Caterpillar Inc."
"1966-02-25",0,4.77344,4.69531,4.71094,0.0826525,203200,"stock","CVX","Chevron Corporation"
"1966-02-25",0.143222,0.143865,0.143222,0.143543,0.0936974,1245600,"stock","DIS","The Walt Disney Company"
"1966-02-25",8.44167,8.55,8.40417,8.53333,2.07975,352000,"stock","IBM","International Business Machines Corporation"
"1966-02-25",0,0.440972,0.440972,0.440972,0.14608,86400,"stock","JNJ","Johnson & Johnson"
"1966-02-25",0.424479,0.427083,0.416667,0.416667,0.00729737,921600,"stock","KO","The Coca-Cola Company"
"1966-02-25",0,1.02344,1.01172,1.01562,0.219457,422400,"stock","PG","The Procter & Gamble Company"
"1966-02-25",0,2.40625,2.35938,2.39062,0.194488,860800,"stock","XOM","Exxon Mobil Corporation"
"1966-02-25",90.89,91.88,90.43,91.14,91.14,8140000,"index","^GSPC","S&P 500"
"1966-02-25",1491.76,1491.76,1491.76,1491.76,1491.76,0,"index","^N225","NIKKEI 225"
"1966-02-25",523.93,523.93,523.93,523.93,523.93,0,"index","^NYA","NYSE COMPOSITE (DJ)"
"1966-02-28",2.68724,2.7572,2.68724,2.75309,0.743506,1834400,"stock","BA","The Boeing Company"
"1966-02-28",3.84375,3.86458,3.80208,3.80208,0.353988,161600,"stock","CAT","Caterpillar Inc."
"1966-02-28",0,4.75,4.70312,4.71875,0.0827896,169600,"stock","CVX","Chevron Corporation"
"1966-02-28",0.143543,0.143865,0.141296,0.141296,0.0922301,1323400,"stock","DIS","The Walt Disney Company"
"1966-02-28",8.53333,8.58333,8.50417,8.58333,2.09193,408000,"stock","IBM","International Business Machines Corporation"
"1966-02-28",0,0.440683,0.438657,0.438657,0.145313,259200,"stock","JNJ","Johnson & Johnson"
"1966-02-28",0.416667,0.417969,0.410156,0.414062,0.00725176,940800,"stock","KO","The Coca-Cola Company"
"1966-02-28",0,1.01953,1.00586,1.00781,0.217769,320000,"stock","PG","The Procter & Gamble Company"
"1966-02-28",0,2.39844,2.36328,2.39453,0.194806,928000,"stock","XOM","Exxon Mobil Corporation"
"1966-02-28",91.14,91.95,90.65,91.22,91.22,9910000,"index","^GSPC","S&P 500"
"1966-02-28",1507.41,1507.41,1507.41,1507.41,1507.41,0,"index","^N225","NIKKEI 225"
"1966-02-28",524.56,524.56,524.56,524.56,524.56,0,"index","^NYA","NYSE COMPOSITE (DJ)"
"1966-03-01",2.75309,2.81893,2.72428,2.74486,0.741283,2654400,"stock","BA","The Boeing Company"
"1966-03-01",3.80208,3.84375,3.76042,3.80208,0.353988,224000,"stock","CAT","Caterpillar Inc."
"1966-03-01",0,4.74219,4.59375,4.60938,0.0808707,1152000,"stock","CVX","Chevron Corporation"
"1966-03-01",0.140653,0.140653,0.138727,0.138727,0.0905531,2179800,"stock","DIS","The Walt Disney Company"
"1966-03-01",8.58333,8.60833,8.36667,8.41667,2.05132,387200,"stock","IBM","International Business Machines Corporation"
"1966-03-01",0,0.43287,0.417824,0.418981,0.138795,1468800,"stock","JNJ","Johnson & Johnson"
"1966-03-01",0.414062,0.414062,0.403646,0.403646,0.00706933,1555200,"stock","KO","The Coca-Cola Company"
"1966-03-01",0,1.00586,0.976562,0.976562,0.211016,908800,"stock","PG","The Procter & Gamble Company"
"1966-03-01",0,2.39062,2.36719,2.375,0.193217,832000,"stock","XOM","Exxon Mobil Corporation"
"1966-03-01",91.22,91.65,89.76,90.06,90.06,11030000,"index","^GSPC","S&P 500"
"1966-03-01",1520.71,1520.71,1520.71,1520.71,1520.71,0,"index","^N225","NIKKEI 225"
"1966-03-01",517.9,517.9,517.9,517.9,517.9,0,"index","^NYA","NYSE COMPOSITE (DJ)"
"1966-03-02",2.74486,2.77778,2.63374,2.63374,0.711277,2387000,"stock","BA","The Boeing Company"
"1966-03-02",3.80208,3.82292,3.76042,3.78125,0.352049,135200,"stock","CAT","Caterpillar Inc."
"1966-03-02",0,4.61719,4.5625,4.5625,0.0800482,240000,"stock","CVX","Chevron Corporation"
"1966-03-02",0.138727,0.139369,0.1368,0.137442,0.0897147,1089900,"stock","DIS","The Walt Disney Company"
"1966-03-02",8.40833,8.40833,8.30417,8.325,2.02898,579200,"stock","IBM","International Business Machines Corporation"
"1966-03-02",0,0.418981,0.417245,0.417824,0.138412,691200,"stock","JNJ","Johnson & Johnson"
"1966-03-02",0.403646,0.408854,0.397135,0.397786,0.0069667,1209600,"stock","KO","The Coca-Cola Company"
"1966-03-02",0,0.992188,0.978516,0.984375,0.212704,480000,"stock","PG","The Procter & Gamble Company"
"1966-03-02",0,2.41016,2.375,2.37891,0.193535,889600,"stock","XOM","Exxon Mobil Corporation"
"1966-03-02",90.06,90.65,88.7,89.15,89.15,10470000,"index","^GSPC","S&P 500"
"1966-03-02",1514.62,1514.62,1514.62,1514.62,1514.62,0,"index","^N225","NIKKEI 225"
"1966-03-02",512.83,512.83,512.83,512.83,512.83,0,"index","^NYA","NYSE COMPOSITE (DJ)"
"1966-03-03",2.63374,2.67078,2.60494,2.60494,0.703497,2277800,"stock","BA","The Boeing Company"
"1966-03-03",3.78125,3.80208,3.70833,3.73958,0.348169,122400,"stock","CAT","Caterpillar Inc."
"1966-03-03",0,4.57812,4.52344,4.5625,0.0800482,238400,"stock","CVX","Chevron Corporation"
"1966-03-03",0.1368,0.1368,0.134873,0.136479,0.0890858,2763700,"stock","DIS","The Walt Disney Company"
"1966-03-03",8.325,8.41667,8.325,8.3875,2.04421,576000,"stock","IBM","International Business Machines Corporation"
"1966-03-03",0,0.421296,0.412037,0.420139,0.139178,1468800,"stock","JNJ","Johnson & Johnson"
"1966-03-03",0.400391,0.410807,0.400391,0.402995,0.00705792,1766400,"stock","KO","The Coca-Cola Company"
"1966-03-03",0,0.984375,0.970703,0.978516,0.211438,435200,"stock","PG","The Procter & Gamble Company"
"1966-03-03",0,2.38672,2.35156,2.375,0.193217,1136000,"stock","XOM","Exxon Mobil Corporation"
"1966-03-03",89.15,90.03,88.26,89.47,89.47,9900000,"index","^GSPC","S&P 500"
"1966-03-03",1517.84,1517.84,1517.84,1517.84,1517.84,0,"index","^N225","NIKKEI 225"
"1966-03-03",514.94,514.94,514.94,514.94,514.94,0,"index","^NYA","NYSE COMPOSITE (DJ)"
"1966-03-04",2.60494,2.65432,2.58642,2.58848,0.699051,2308400,"stock","BA","The Boeing Company"
"1966-03-04",3.73958,3.76042,3.71875,3.72917,0.3472,684800,"stock","CAT","Caterpillar Inc."
"1966-03-04",0,4.58594,4.52344,4.5625,0.0800482,172800,"stock","CVX","Chevron Corporation"
"1966-03-04",0.136479,0.138727,0.136479,0.138727,0.0905531,1089900,"stock","DIS","The Walt Disney Company"
"1966-03-04",8.3875,8.44167,8.3875,8.40833,2.04928,243200,"stock","IBM","International Business Machines Corporation"
"1966-03-04",0,0.417824,0.417824,0.417824,0.138412,518400,"stock","JNJ","Johnson & Johnson"
"1966-03-04",0.402995,0.403646,0.398438,0.401042,0.00702372,1094400,"stock","KO","The Coca-Cola Company"
"1966-03-04",0,0.988281,0.974609,0.984375,0.212704,659200,"stock","PG","The Procter & Gamble Company"
"1966-03-04",0,2.38281,2.35547,2.36719,0.192581,748800,"stock","XOM","Exxon Mobil Corporation"
"1966-03-04",89.47,90.25,88.72,89.24,89.24,9000000,"index","^GSPC","S&P 500"
"1966-03-04",1524.99,1524.99,1524.99,1524.99,1524.99,0,"index","^N225","NIKKEI 225"
"1966-03-04",513.35,513.35,513.35,513.35,513.35,0,"index","^NYA","NYSE COMPOSITE (DJ)"
"1966-03-07",2.54115,2.54115,2.45267,2.45267,0.662376,2861000,"stock","BA","The Boeing Company"
"1966-03-07",3.71875,3.71875,3.63542,3.63542,0.338471,197600,"stock","CAT","Caterpillar Inc."
"1966-03-07",0,4.60156,4.52344,4.52344,0.0793628,219200,"stock","CVX","Chevron Corporation"
"1966-03-07",0.137442,0.137442,0.135515,0.136158,0.0888762,1751600,"stock","DIS","The Walt Disney Company"
"1966-03-07",8.39167,8.39167,8.29167,8.29167,2.02085,400000,"stock","IBM","International Business Machines Corporation"
"1966-03-07",0,0.416667,0.408565,0.408565,0.135344,388800,"stock","JNJ","Johnson & Johnson"
"1966-03-07",0.401042,0.402995,0.398438,0.400391,0.00701232,998400,"stock","KO","The Coca-Cola Company"
"1966-03-07",0,0.984375,0.970703,0.970703,0.20975,409600,"stock","PG","The Procter & Gamble Company"
"1966-03-07",0,2.38672,2.34766,2.37109,0.192899,896000,"stock","XOM","Exxon Mobil Corporation"
"1966-03-07",89.24,89.39,87.67,88.04,88.04,9370000,"index","^GSPC","S&P 500"
"1966-03-07",1533.75,1533.75,1533.75,1533.75,1533.75,0,"index","^N225","NIKKEI 225"
"1966-03-07",506.38,506.38,506.38,506.38,506.38,0,"index","^NYA","NYSE COMPOSITE (DJ)"
"1966-03-08",2.45267,2.45679,2.3251,2.41975,0.653486,3213200,"stock","BA","The Boeing Company"
"1966-03-08",3.61458,3.61458,3.5625,3.58333,0.333622,542400,"stock","CAT","Caterpillar Inc."
"1966-03-08",0,4.52344,4.44531,4.47656,0.0785404,216000,"stock","CVX","Chevron Corporation"
"1966-03-08",0.136158,0.136158,0.132304,0.136158,0.0888762,2413300,"stock","DIS","The Walt Disney Company"
"1966-03-08",8.29167,8.35,8.24167,8.28333,2.01882,640000,"stock","IBM","International Business Machines Corporation"
"1966-03-08",0,0.409722,0.402778,0.402778,0.133427,388800,"stock","JNJ","Johnson & Johnson"
"1966-03-08",0.401042,0.410156,0.401042,0.410156,0.00718335,2054400,"stock","KO","The Coca-Cola Company"
"1966-03-08",0,0.978516,0.943359,0.953125,0.205952,825600,"stock","PG","The Procter & Gamble Company"
"1966-03-08",0,2.39453,2.35547,2.38281,0.193852,963200,"stock","XOM","Exxon Mobil Corporation"
"1966-03-08",88.04,89,87.17,88.18,88.18,10120000,"index","^GSPC","S&P 500"
"1966-03-08",1545.78,1545.78,1545.78,1545.78,1545.78,0,"index","^N225","NIKKEI 225"
"1966-03-08",506.9,506.9,506.9,506.9,506.9,0,"index","^NYA","NYSE COMPOSITE (DJ)"
"1966-03-09",2.41975,2.47737,2.40535,2.45885,0.664043,1725200,"stock","BA","The Boeing Company"
"1966-03-09",3.59375,3.65625,3.59375,3.65625,0.340411,173600,"stock","CAT","Caterpillar Inc."
"1966-03-09",0,4.60156,4.5,4.60156,0.0807336,139200,"stock","CVX","Chevron Corporation"
"1966-03-09",0.136158,0.138084,0.136158,0.137442,0.0898863,544900,"stock","DIS","The Walt Disney Company"
"1966-03-09",8.28333,8.44167,8.28333,8.44167,2.05741,515200,"stock","IBM","International Business Machines Corporation"
"1966-03-09",0,0.405093,0.402778,0.405093,0.134194,216000,"stock","JNJ","Johnson & Johnson"
"1966-03-09",0.411458,0.414714,0.411458,0.411458,0.00720615,595200,"stock","KO","The Coca-Cola Company"
"1966-03-09",0,0.984375,0.955078,0.984375,0.212704,556800,"stock","PG","The Procter & Gamble Company"
"1966-03-09",0,2.38672,2.37109,2.38281,0.193852,688000,"stock","XOM","Exxon Mobil Corporation"
"1966-03-09",88.18,89.21,87.96,88.96,88.96,7980000,"index","^GSPC","S&P 500"
"1966-03-09",1542.72,1542.72,1542.72,1542.72,1542.72,0,"index","^N225","NIKKEI 225"
"1966-03-09",511.13,511.13,511.13,511.13,511.13,0,"index","^NYA","NYSE COMPOSITE (DJ)"
"1966-03-10",2.45885,2.49588,2.38889,2.42387,0.654597,2041200,"stock","BA","The Boeing Company"
"1966-03-10",3.67708,3.79167,3.67708,3.67708,0.34235,249600,"stock","CAT","Caterpillar Inc."
"1966-03-10",0,4.60938,4.55469,4.55469,0.0799112,209600,"stock","CVX","Chevron Corporation"
"1966-03-10",0.137442,0.13969,0.136479,0.136479,0.0892562,973100,"stock","DIS","The Walt Disney Company"
"1966-03-10",8.44167,8.525,8.39167,8.39167,2.04522,592000,"stock","IBM","International Business Machines Corporation"
"1966-03-10",0,0.409722,0.407407,0.407407,0.134961,345600,"stock","JNJ","Johnson & Johnson"
"1966-03-10",0.411458,0.411458,0.404948,0.404948,0.00709213,1267200,"stock","KO","The Coca-Cola Company"
"1966-03-10",0,1.01172,0.984375,0.988281,0.213548,646400,"stock","PG","The Procter & Gamble Company"
"1966-03-10",0,2.39844,2.375,2.39062,0.194488,1097600,"stock","XOM","Exxon Mobil Corporation"
"1966-03-10",88.96,90.14,88.36,88.96,88.96,10310000,"index","^GSPC","S&P 500"
"1966-03-10",1529.93,1529.93,1529.93,1529.93,1529.93,0,"index","^N225","NIKKEI 225"
"1966-03-10",511.24,511.24,511.24,511.24,511.24,0,"index","^NYA","NYSE COMPOSITE (DJ)"
"1966-03-11",2.42387,2.45267,2.34979,2.3642,0.638482,2046800,"stock","BA","The Boeing Company"
"1966-03-11",3.67708,3.75,3.67708,3.72917,0.3472,232800,"stock","CAT","Caterpillar Inc."
"1966-03-11",0,4.57812,4.50781,4.53125,0.0794999,195200,"stock","CVX","Chevron Corporation"
"1966-03-11",0.136479,0.138084,0.135515,0.135515,0.0886262,2218700,"stock","DIS","The Walt Disney Company"
"1966-03-11",8.39167,8.40833,8.3,8.33333,2.03101,531200,"stock","IBM","International Business Machines Corporation"
"1966-03-11",0,0.412037,0.40625,0.40625,0.134578,518400,"stock","JNJ","Johnson & Johnson"
"1966-03-11",0.404948,0.405599,0.401042,0.405599,0.00710353,748800,"stock","KO","The Coca-Cola Company"
"1966-03-11",0,0.998047,0.984375,0.984375,0.212704,390400,"stock","PG","The Procter & Gamble Company"
"1966-03-11",0,2.40234,2.38281,2.39453,0.194806,675200,"stock","XOM","Exxon Mobil Corporation"
"1966-03-11",88.96,89.63,88.3,88.85,88.85,7000000,"index","^GSPC","S&P 500"
"1966-03-11",1512.19,1512.19,1512.19,1512.19,1512.19,0,"index","^N225","NIKKEI 225"
"1966-03-11",510.82,510.82,510.82,510.82,510.82,0,"index","^NYA","NYSE COMPOSITE (DJ)"
"1966-03-14",2.3642,2.39095,2.27161,2.27161,0.613476,3183200,"stock","BA","The Boeing Company"
"1966-03-14",3.72917,3.8125,3.72917,3.72917,0.3472,152000,"stock","CAT","Caterpillar Inc."
"1966-03-14",0,4.57812,4.52344,4.53125,0.0794999,153600,"stock","CVX","Chevron Corporation"
"1966-03-14",0.135515,0.1368,0.134873,0.135515,0.0886262,2802600,"stock","DIS","The Walt Disney Company"
"1966-03-14",8.33333,8.35,8.31667,8.32917,2.02999,328000,"stock","IBM","International Business Machines Corporation"
"1966-03-14",0,0.408565,0.402778,0.402778,0.133427,691200,"stock","JNJ","Johnson & Johnson"
"1966-03-14",0.405599,0.408854,0.399089,0.399089,0.00703234,2707200,"stock","KO","The Coca-Cola Company"
"1966-03-14",0,0.992188,0.984375,0.988281,0.213548,467200,"stock","PG","The Procter & Gamble Company"
"1966-03-14",0,2.40625,2.38281,2.38672,0.19417,496000,"stock","XOM","Exxon Mobil Corporation"
"1966-03-14",88.85,88.92,87.56,87.85,87.85,7400000,"index","^GSPC","S&P 500"
"1966-03-14",1535.04,1535.04,1535.04,1535.04,1535.04,0,"index","^N225","NIKKEI 225"
"1966-03-14",504.9,504.9,504.9,504.9,504.9,0,"index","^NYA","NYSE COMPOSITE (DJ)"
"1966-03-15",2.27161,2.30864,2.23045,2.2963,0.620144,3389600,"stock","BA","The Boeing Company"
"1966-03-15",3.72917,3.82292,3.72917,3.75,0.349139,171200,"stock","CAT","Caterpillar Inc."
"1966-03-15",0,4.54688,4.47656,4.5,0.0789517,248000,"stock","CVX","Chevron Corporation"
"1966-03-15",0.135515,0.135515,0.134231,0.134873,0.0882062,1323400,"stock","DIS","The Walt Disney Company"
"1966-03-15",8.32083,8.32083,8.275,8.30833,2.02491,352000,"stock","IBM","International Business Machines Corporation"
"1966-03-15",0,0.402778,0.398148,0.400463,0.13266,950400,"stock","JNJ","Johnson & Johnson"
"1966-03-15",0.39974,0.402995,0.39974,0.402344,0.0070897,576000,"stock","KO","The Coca-Cola Company"
"1966-03-15",0,0.994141,0.986328,0.988281,0.213548,300800,"stock","PG","The Procter & Gamble Company"
"1966-03-15",0,2.39062,2.37109,2.38672,0.19417,662400,"stock","XOM","Exxon Mobil Corporation"
"1966-03-15",87.85,88.2,86.69,87.35,87.35,9440000,"index","^GSPC","S&P 500"
"1966-03-15",1540.59,1540.59,1540.59,1540.59,1540.59,0,"index","^N225","NIKKEI 225"
"1966-03-15",501.51,501.51,501.51,501.51,501.51,0,"index","^NYA","NYSE COMPOSITE (DJ)"
"1966-03-16",2.30658,2.38683,2.30658,2.36626,0.639038,3122400,"stock","BA","The Boeing Company"
"1966-03-16",3.75,3.79167,3.67708,3.76042,0.350109,233600,"stock","CAT","Caterpillar Inc."
"1966-03-16",0,4.52344,4.48438,4.52344,0.0793628,145600,"stock","CVX","Chevron Corporation"
"1966-03-16",0.134873,0.135515,0.134873,0.135515,0.0886262,544900,"stock","DIS","The Walt Disney Company"
"1966-03-16",8.30833,8.43333,8.30417,8.375,2.04116,435200,"stock","IBM","International Business Machines Corporation"
"1966-03-16",0,0.401042,0.399306,0.400463,0.13266,2116800,"stock","JNJ","Johnson & Johnson"
"1966-03-16",0.402344,0.40625,0.39974,0.404948,0.00713558,960000,"stock","KO","The Coca-Cola Company"
"1966-03-16",0,0.986328,0.976562,0.976562,0.211016,544000,"stock","PG","The Procter & Gamble Company"
"1966-03-16",0,2.39453,2.36719,2.36719,0.192581,550400,"stock","XOM","Exxon Mobil Corporation"
"1966-03-16",87.35,88.55,87.09,87.86,87.86,7330000,"index","^GSPC","S&P 500"
"1966-03-16",1560.09,1560.09,1560.09,1560.09,1560.09,0,"index","^N225","NIKKEI 225"
"1966-03-16",504.26,504.26,504.26,504.26,504.26,0,"index","^NYA","NYSE COMPOSITE (DJ)"
"1966-03-17",2.36626,2.3786,2.29424,2.2963,0.620144,3334800,"stock","BA","The Boeing Company"
"1966-03-17",3.75,3.75,3.67708,3.72917,0.3472,152000,"stock","CAT","Caterpillar Inc."
"1966-03-17",0,4.53125,4.50781,4.52344,0.0793628,124800,"stock","CVX","Chevron Corporation"
"1966-03-17",0.135515,0.136158,0.134873,0.134873,0.0882062,1323400,"stock","DIS","The Walt Disney Company"
"1966-03-17",8.375,8.39167,8.29167,8.33333,2.03101,304000,"stock","IBM","International Business Machines Corporation"
"1966-03-17",0,0.402778,0.40162,0.402778,0.133427,561600,"stock","JNJ","Johnson & Johnson"
"1966-03-17",0.404948,0.409505,0.404948,0.408854,0.00720442,537600,"stock","KO","The Coca-Cola Company"
"1966-03-17",0,0.986328,0.974609,0.984375,0.212704,601600,"stock","PG","The Procter & Gamble Company"
"1966-03-17",0,2.37109,2.34375,2.35156,0.19131,1244800,"stock","XOM","Exxon Mobil Corporation"
"1966-03-17",87.86,88.6,87.45,88.17,88.17,5460000,"index","^GSPC","S&P 500"
"1966-03-17",1551.25,1551.25,1551.25,1551.25,1551.25,0,"index","^N225","NIKKEI 225"
"1966-03-17",505.85,505.85,505.85,505.85,505.85,0,"index","^NYA","NYSE COMPOSITE (DJ)"
"1966-03-18",2.30453,2.35802,2.30453,2.32716,0.628479,1719000,"stock","BA","The Boeing Company"
"1966-03-18",3.77083,3.82292,3.77083,3.82292,0.355928,113600,"stock","CAT","Caterpillar Inc."
"1966-03-18",0,4.54688,4.48438,4.48438,0.0786776,116800,"stock","CVX","Chevron Corporation"
"1966-03-18",0.135194,0.141296,0.135194,0.141296,0.0924065,4048200,"stock","DIS","The Walt Disney Company"
"1966-03-18",8.33333,8.375,8.3,8.31667,2.02694,227200,"stock","IBM","International Business Machines Corporation"
"1966-03-18",0,0.405093,0.403935,0.405093,0.134194,216000,"stock","JNJ","Johnson & Johnson"
"1966-03-18",0.408854,0.413411,0.40625,0.413411,0.00728472,1017600,"stock","KO","The Coca-Cola Company"
"1966-03-18",0,1.02344,0.982422,1.02344,0.221145,825600,"stock","PG","The Procter & Gamble Company"
"1966-03-18",0,2.35547,2.33594,2.34375,0.190675,825600,"stock","XOM","Exxon Mobil Corporation"
"1966-03-18",88.17,89.23,87.82,88.53,88.53,6450000,"index","^GSPC","S&P 500"
"1966-03-18",1558.77,1558.77,1558.77,1558.77,1558.77,0,"index","^N225","NIKKEI 225"
"1966-03-18",508.28,508.28,508.28,508.28,508.28,0,"index","^NYA","NYSE COMPOSITE (DJ)"
"1966-03-21",2.34568,2.43416,2.34568,2.43416,0.657375,2411400,"stock","BA","The Boeing Company"
"1966-03-21",3.82292,3.88542,3.82292,3.83333,0.356898,120000,"stock","CAT","Caterpillar Inc."
"1966-03-21",0,4.55469,4.53125,4.53906,0.079637,129600,"stock","CVX","Chevron Corporation"
"1966-03-21",0.141296,0.144507,0.141296,0.141938,0.0928266,4554200,"stock","DIS","The Walt Disney Company"
"1966-03-21",8.36667,8.48333,8.36667,8.48333,2.06756,347200,"stock","IBM","International Business Machines Corporation"
"1966-03-21",0,0.409722,0.407407,0.407407,0.134961,604800,"stock","JNJ","Johnson & Johnson"
"1966-03-21",0.414062,0.415365,0.414062,0.414062,0.00729619,614400,"stock","KO","The Coca-Cola Company"
"1966-03-21",0,1.02734,1.01758,1.02148,0.220723,364800,"stock","PG","The Procter & Gamble Company"
